week,team,opponent,home_away
1,PHI,DAL,vs
1,DAL,PHI,@
1,LAC,KC,vs
1,KC,LAC,@
1,ATL,TB,vs
1,TB,ATL,@
1,CLE,CIN,vs
1,CIN,CLE,@
1,IND,MIA,vs
1,MIA,IND,@
1,JAX,CAR,vs
1,CAR,JAX,@
1,NE,LV,vs
1,LV,NE,@
1,NO,ARI,vs
1,ARI,NO,@
1,NYJ,PIT,vs
1,PIT,NYJ,@
1,WAS,NYG,vs
1,NYG,WAS,@
1,DEN,TEN,vs
1,TEN,DEN,@
1,SEA,SF,vs
1,SF,SEA,@
1,GB,DET,vs
1,DET,GB,@
1,LA,HOU,vs
1,HOU,LA,@
1,BUF,BAL,vs
1,BAL,BUF,@
1,CHI,MIN,vs
1,MIN,CHI,@
2,GB,WAS,vs
2,WAS,GB,@
2,BAL,CLE,vs
2,CLE,BAL,@
2,CIN,JAX,vs
2,JAX,CIN,@
2,DAL,NYG,vs
2,NYG,DAL,@
2,DET,CHI,vs
2,CHI,DET,@
2,MIA,NE,vs
2,NE,MIA,@
2,NO,SF,vs
2,SF,NO,@
2,NYJ,BUF,vs
2,BUF,NYJ,@
2,PIT,SEA,vs
2,SEA,PIT,@
2,TEN,LA,vs
2,LA,TEN,@
2,ARI,CAR,vs
2,CAR,ARI,@
2,IND,DEN,vs
2,DEN,IND,@
2,KC,PHI,vs
2,PHI,KC,@
2,MIN,ATL,vs
2,ATL,MIN,@
2,HOU,TB,vs
2,TB,HOU,@
2,LV,LAC,vs
2,LAC,LV,@
3,BUF,MIA,vs
3,MIA,BUF,@
3,CAR,ATL,vs
3,ATL,CAR,@
3,CLE,GB,vs
3,GB,CLE,@
3,JAX,HOU,vs
3,HOU,JAX,@
3,MIN,CIN,vs
3,CIN,MIN,@
3,NE,PIT,vs
3,PIT,NE,@
3,PHI,LA,vs
3,LA,PHI,@
3,TB,NYJ,vs
3,NYJ,TB,@
3,TEN,IND,vs
3,IND,TEN,@
3,WAS,LV,vs
3,LV,WAS,@
3,LAC,DEN,vs
3,DEN,LAC,@
3,SEA,NO,vs
3,NO,SEA,@
3,CHI,DAL,vs
3,DAL,CHI,@
3,SF,ARI,vs
3,ARI,SF,@
3,NYG,KC,vs
3,KC,NYG,@
3,BAL,DET,vs
3,DET,BAL,@
4,ARI,SEA,vs
4,SEA,ARI,@
4,PIT,MIN,vs
4,MIN,PIT,@
4,ATL,WAS,vs
4,WAS,ATL,@
4,BUF,NO,vs
4,NO,BUF,@
4,DET,CLE,vs
4,CLE,DET,@
4,HOU,TEN,vs
4,TEN,HOU,@
4,NE,CAR,vs
4,CAR,NE,@
4,NYG,LAC,vs
4,LAC,NYG,@
4,TB,PHI,vs
4,PHI,TB,@
4,LA,IND,vs
4,IND,LA,@
4,SF,JAX,vs
4,JAX,SF,@
4,KC,BAL,vs
4,BAL,KC,@
4,LV,CHI,vs
4,CHI,LV,@
4,DAL,GB,vs
4,GB,DAL,@
4,MIA,NYJ,vs
4,NYJ,MIA,@
4,DEN,CIN,vs
4,CIN,DEN,@
5,LA,SF,vs
5,SF,LA,@
5,CLE,MIN,vs
5,MIN,CLE,@
5,BAL,HOU,vs
5,HOU,BAL,@
5,CAR,MIA,vs
5,MIA,CAR,@
5,IND,LV,vs
5,LV,IND,@
5,NO,NYG,vs
5,NYG,NO,@
5,NYJ,DAL,vs
5,DAL,NYJ,@
5,PHI,DEN,vs
5,DEN,PHI,@
5,ARI,TEN,vs
5,TEN,ARI,@
5,SEA,TB,vs
5,TB,SEA,@
5,CIN,DET,vs
5,DET,CIN,@
5,LAC,WAS,vs
5,WAS,LAC,@
5,BUF,NE,vs
5,NE,BUF,@
5,JAX,KC,vs
5,KC,JAX,@
6,NYG,PHI,vs
6,PHI,NYG,@
6,NYJ,DEN,vs
6,DEN,NYJ,@
6,BAL,LA,vs
6,LA,BAL,@
6,CAR,DAL,vs
6,DAL,CAR,@
6,IND,ARI,vs
6,ARI,IND,@
6,JAX,SEA,vs
6,SEA,JAX,@
6,MIA,LAC,vs
6,LAC,MIA,@
6,NO,NE,vs
6,NE,NO,@
6,PIT,CLE,vs
6,CLE,PIT,@
6,LV,TEN,vs
6,TEN,LV,@
6,GB,CIN,vs
6,CIN,GB,@
6,TB,SF,vs
6,SF,TB,@
6,KC,DET,vs
6,DET,KC,@
6,ATL,BUF,vs
6,BUF,ATL,@
6,WAS,CHI,vs
6,CHI,WAS,@
7,CIN,PIT,vs
7,PIT,CIN,@
7,JAX,LA,vs
7,LA,JAX,@
7,CHI,NO,vs
7,NO,CHI,@
7,CLE,MIA,vs
7,MIA,CLE,@
7,KC,LV,vs
7,LV,KC,@
7,MIN,PHI,vs
7,PHI,MIN,@
7,NYJ,CAR,vs
7,CAR,NYJ,@
7,TEN,NE,vs
7,NE,TEN,@
7,DEN,NYG,vs
7,NYG,DEN,@
7,LAC,IND,vs
7,IND,LAC,@
7,ARI,GB,vs
7,GB,ARI,@
7,DAL,WAS,vs
7,WAS,DAL,@
7,SF,ATL,vs
7,ATL,SF,@
7,DET,TB,vs
7,TB,DET,@
7,SEA,HOU,vs
7,HOU,SEA,@
8,LAC,MIN,vs
8,MIN,LAC,@
8,ATL,MIA,vs
8,MIA,ATL,@
8,BAL,CHI,vs
8,CHI,BAL,@
8,CAR,BUF,vs
8,BUF,CAR,@
8,CIN,NYJ,vs
8,NYJ,CIN,@
8,HOU,SF,vs
8,SF,HOU,@
8,NE,CLE,vs
8,CLE,NE,@
8,PHI,NYG,vs
8,NYG,PHI,@
8,NO,TB,vs
8,TB,NO,@
8,DEN,DAL,vs
8,DAL,DEN,@
8,IND,TEN,vs
8,TEN,IND,@
8,PIT,GB,vs
8,GB,PIT,@
8,KC,WAS,vs
8,WAS,KC,@
9,MIA,BAL,vs
9,BAL,MIA,@
9,CIN,CHI,vs
9,CHI,CIN,@
9,DET,MIN,vs
9,MIN,DET,@
9,GB,CAR,vs
9,CAR,GB,@
9,HOU,DEN,vs
9,DEN,HOU,@
9,NE,ATL,vs
9,ATL,NE,@
9,NYG,SF,vs
9,SF,NYG,@
9,PIT,IND,vs
9,IND,PIT,@
9,TEN,LAC,vs
9,LAC,TEN,@
9,LA,NO,vs
9,NO,LA,@
9,LV,JAX,vs
9,JAX,LV,@
9,BUF,KC,vs
9,KC,BUF,@
9,WAS,SEA,vs
9,SEA,WAS,@
9,DAL,ARI,vs
9,ARI,DAL,@
10,DEN,LV,vs
10,LV,DEN,@
10,IND,ATL,vs
10,ATL,IND,@
10,CAR,NO,vs
10,NO,CAR,@
10,CHI,NYG,vs
10,NYG,CHI,@
10,HOU,JAX,vs
10,JAX,HOU,@
10,MIA,BUF,vs
10,BUF,MIA,@
10,MIN,BAL,vs
10,BAL,MIN,@
10,NYJ,CLE,vs
10,CLE,NYJ,@
10,TB,NE,vs
10,NE,TB,@
10,SEA,ARI,vs
10,ARI,SEA,@
10,SF,LA,vs
10,LA,SF,@
10,WAS,DET,vs
10,DET,WAS,@
10,LAC,PIT,vs
10,PIT,LAC,@
10,GB,PHI,vs
10,PHI,GB,@
11,NE,NYJ,vs
11,NYJ,NE,@
11,MIA,WAS,vs
11,WAS,MIA,@
11,ATL,CAR,vs
11,CAR,ATL,@
11,BUF,TB,vs
11,TB,BUF,@
11,JAX,LAC,vs
11,LAC,JAX,@
11,MIN,CHI,vs
11,CHI,MIN,@
11,NYG,GB,vs
11,GB,NYG,@
11,PIT,CIN,vs
11,CIN,PIT,@
11,TEN,HOU,vs
11,HOU,TEN,@
11,ARI,SF,vs
11,SF,ARI,@
11,LA,SEA,vs
11,SEA,LA,@
11,CLE,BAL,vs
11,BAL,CLE,@
11,DEN,KC,vs
11,KC,DEN,@
11,PHI,DET,vs
11,DET,PHI,@
11,LV,DAL,vs
11,DAL,LV,@
12,HOU,BUF,vs
12,BUF,HOU,@
12,BAL,NYJ,vs
12,NYJ,BAL,@
12,CHI,PIT,vs
12,PIT,CHI,@
12,CIN,NE,vs
12,NE,CIN,@
12,DET,NYG,vs
12,NYG,DET,@
12,GB,MIN,vs
12,MIN,GB,@
12,KC,IND,vs
12,IND,KC,@
12,TEN,SEA,vs
12,SEA,TEN,@
12,ARI,JAX,vs
12,JAX,ARI,@
12,LV,CLE,vs
12,CLE,LV,@
12,DAL,PHI,vs
12,PHI,DAL,@
12,NO,ATL,vs
12,ATL,NO,@
12,LA,TB,vs
12,TB,LA,@
12,SF,CAR,vs
12,CAR,SF,@
13,DET,GB,vs
13,GB,DET,@
13,DAL,KC,vs
13,KC,DAL,@
13,BAL,CIN,vs
13,CIN,BAL,@
13,PHI,CHI,vs
13,CHI,PHI,@
13,CAR,LA,vs
13,LA,CAR,@
13,CLE,SF,vs
13,SF,CLE,@
13,IND,HOU,vs
13,HOU,IND,@
13,MIA,NO,vs
13,NO,MIA,@
13,NYJ,ATL,vs
13,ATL,NYJ,@
13,TB,ARI,vs
13,ARI,TB,@
13,TEN,JAX,vs
13,JAX,TEN,@
13,SEA,MIN,vs
13,MIN,SEA,@
13,LAC,LV,vs
13,LV,LAC,@
13,PIT,BUF,vs
13,BUF,PIT,@
13,WAS,DEN,vs
13,DEN,WAS,@
13,NE,NYG,vs
13,NYG,NE,@
14,DET,DAL,vs
14,DAL,DET,@
14,ATL,SEA,vs
14,SEA,ATL,@
14,BAL,PIT,vs
14,PIT,BAL,@
14,BUF,CIN,vs
14,CIN,BUF,@
14,CLE,TEN,vs
14,TEN,CLE,@
14,JAX,IND,vs
14,IND,JAX,@
14,MIN,WAS,vs
14,WAS,MIN,@
14,NYJ,MIA,vs
14,MIA,NYJ,@
14,TB,NO,vs
14,NO,TB,@
14,LV,DEN,vs
14,DEN,LV,@
14,ARI,LA,vs
14,LA,ARI,@
14,GB,CHI,vs
14,CHI,GB,@
14,KC,HOU,vs
14,HOU,KC,@
14,LAC,PHI,vs
14,PHI,LAC,@
15,TB,ATL,vs
15,ATL,TB,@
15,CHI,CLE,vs
15,CLE,CHI,@
15,CIN,BAL,vs
15,BAL,CIN,@
15,HOU,ARI,vs
15,ARI,HOU,@
15,JAX,NYJ,vs
15,NYJ,JAX,@
15,KC,LAC,vs
15,LAC,KC,@
15,NE,BUF,vs
15,BUF,NE,@
15,NYG,WAS,vs
15,WAS,NYG,@
15,PHI,LV,vs
15,LV,PHI,@
15,DEN,GB,vs
15,GB,DEN,@
15,LA,DET,vs
15,DET,LA,@
15,NO,CAR,vs
15,CAR,NO,@
15,SEA,IND,vs
15,IND,SEA,@
15,SF,TEN,vs
15,TEN,SF,@
15,DAL,MIN,vs
15,MIN,DAL,@
15,PIT,MIA,vs
15,MIA,PIT,@
16,SEA,LA,vs
16,LA,SEA,@
16,WAS,PHI,vs
16,PHI,WAS,@
16,CHI,GB,vs
16,GB,CHI,@
16,CAR,TB,vs
16,TB,CAR,@
16,CLE,BUF,vs
16,BUF,CLE,@
16,DAL,LAC,vs
16,LAC,DAL,@
16,MIA,CIN,vs
16,CIN,MIA,@
16,NO,NYJ,vs
16,NYJ,NO,@
16,NYG,MIN,vs
16,MIN,NYG,@
16,TEN,KC,vs
16,KC,TEN,@
16,ARI,ATL,vs
16,ATL,ARI,@
16,DEN,JAX,vs
16,JAX,DEN,@
16,DET,PIT,vs
16,PIT,DET,@
16,HOU,LV,vs
16,LV,HOU,@
16,BAL,NE,vs
16,NE,BAL,@
16,IND,SF,vs
16,SF,IND,@
17,WAS,DAL,vs
17,DAL,WAS,@
17,MIN,DET,vs
17,DET,MIN,@
17,KC,DEN,vs
17,DEN,KC,@
17,LAC,HOU,vs
17,HOU,LAC,@
17,GB,BAL,vs
17,BAL,GB,@
17,CAR,SEA,vs
17,SEA,CAR,@
17,CIN,ARI,vs
17,ARI,CIN,@
17,CLE,PIT,vs
17,PIT,CLE,@
17,IND,JAX,vs
17,JAX,IND,@
17,MIA,TB,vs
17,TB,MIA,@
17,NYJ,NE,vs
17,NE,NYJ,@
17,TEN,NO,vs
17,NO,TEN,@
17,LV,NYG,vs
17,NYG,LV,@
17,BUF,PHI,vs
17,PHI,BUF,@
17,SF,CHI,vs
17,CHI,SF,@
17,ATL,LA,vs
17,LA,ATL,@
18,TB,CAR,vs
18,CAR,TB,@
18,SF,SEA,vs
18,SEA,SF,@
18,ATL,NO,vs
18,NO,ATL,@
18,CIN,CLE,vs
18,CLE,CIN,@
18,HOU,IND,vs
18,IND,HOU,@
18,JAX,TEN,vs
18,TEN,JAX,@
18,MIN,GB,vs
18,GB,MIN,@
18,NYG,DAL,vs
18,DAL,NYG,@
18,BUF,NYJ,vs
18,NYJ,BUF,@
18,CHI,DET,vs
18,DET,CHI,@
18,DEN,LAC,vs
18,LAC,DEN,@
18,LA,ARI,vs
18,ARI,LA,@
18,LV,KC,vs
18,KC,LV,@
18,NE,MIA,vs
18,MIA,NE,@
18,PHI,WAS,vs
18,WAS,PHI,@
18,PIT,BAL,vs
18,BAL,PIT,@
19,CAR,LA,vs
19,LA,CAR,@
19,CHI,GB,vs
19,GB,CHI,@
19,JAX,BUF,vs
19,BUF,JAX,@
19,PHI,SF,vs
19,SF,PHI,@
19,NE,LAC,vs
19,LAC,NE,@
19,PIT,HOU,vs
19,HOU,PIT,@
20,DEN,BUF,vs
20,BUF,DEN,@
20,SEA,SF,vs
20,SF,SEA,@
20,NE,HOU,vs
20,HOU,NE,@
20,CHI,LA,vs
20,LA,CHI,@
21,DEN,NE,vs
21,NE,DEN,@
21,SEA,LA,vs
21,LA,SEA,@
22,NE,SEA,vs
22,SEA,NE,@
